nombre,marca,precio,imagen_url,url_origen,alimentador_de_energía_para_tarjeta_madre,amd_expo_(extended_profiles_for_overclocking),amd_expo_(extended_profiles_for_overclocking):,amd_freesync,cantidad_de_puertos_usb_3.0,capacidad,capacidad_de_memoria_ram,categoria,certificación_80_plus,circuito_integrado_de_tarjeta_madre,diagonal_de_la_pantalla,diseño_de_memoria_(módulos_x_tamaño),diámetro_de_ventilador,factor_de_forma,familia_de_procesador,formas_de_factor_de_tarjeta_madre_soportadas,formato_del_teclado,fuente_de_alimentación_incluida:,gráficos_discretos_memoria_del_adaptador,intel®_extreme_memory_profile_(xmp),intel®_extreme_memory_profile_(xmp):,interfaz,interfaz_del_dispositivo,latencia_cas,memoria_interna_máxima,modelo_del_procesador,modos_de_iluminación,número_de_núcleos_de_procesador,número_de_puertos_hdmi,número_de_ventiladores,pantalla_táctil,potencia_nominal,rating,resolución_de_movimiento,sku,socket_de_procesador,sockets_de_procesador_soportados,stock_disponible,tamaño_de_disco_duro,tamaño_del_radiador,tecnología_de_conectividad,tecnología_de_detección_de_movimientos,tecnología_de_visualización,tipo_de_cableado,tipo_de_interfaz,tipo_de_memoria_de_adaptador_gráfico,tipo_de_memoria_interna,tipos_de_memoria_compatibles,total_de_ventiladores_instalados,velocidad_de_memoria_del_reloj,velocidad_de_rotación_(máx.),velocidad_de_rotación_de_disco_duro,velocidad_de_transferencia_de_datos,velocidad_de_ventilador_(máx.)
"Procesador AMD Ryzen 5 5600XT, Socket AM4, 4.70GHz, 6 Núcleos, 32MB Caché - Incluye Disipador",AMD,2709.0,https://www.cyberpuerta.mx/img/product/S/CP-AMD-100-100001585BOX-97045a.jpg,https://www.cyberpuerta.mx/Computo-Hardware/Componentes/Procesadores/Procesadores-para-PC/Procesador-AMD-Ryzen-5-5600XT-Socket-AM4-4-70GHz-6-Nucleos-32MB-Cache-Incluye-Disipador.html,,,,,,,,Procesadores,,,,,,,AMD Ryzen 5,,,,,,,,,,,5600XT,,6,,,,,,,,Socket AM4,,,,,,,,,,,,,,,,,,
"Procesador AMD Ryzen 7 9800X3D con AMD Radeon Graphics, Socket AM5, 4.70GHz, 8 Núcleos, 96MB Caché - No incluye Disipador",AMD,8779.0,https://www.cyberpuerta.mx/img/product/S/CP-AMD-100-100001084WOF-9a1913.jpg,https://www.cyberpuerta.mx/Computo-Hardware/Componentes/Procesadores/Procesadores-para-PC/Procesador-AMD-Ryzen-7-9800X3D-con-AMD-Radeon-Graphics-Socket-AM5-4-70GHz-8-Nucleos-96MB-Cache-No-incluye-Disipador-1.html,,,,,,,,Procesadores,,,,,,,AMD Ryzen 7,,,,,,,,,,,9800X3D,,8,,,,,,,,Socket AM5,,,,,,,,,,,,,,,,,,
"Procesador AMD Ryzen 5 5600GT con AMD Radeon Graphics, Socket AM4, 4.60GHz, 6 Núcleos, 16MB Caché - Incluye Disipador",AMD,2719.0,https://www.cyberpuerta.mx/img/product/S/CP-AMD-100-100001488BOX-dbde96.jpg,https://www.cyberpuerta.mx/Computo-Hardware/Componentes/Procesadores/Procesadores-para-PC/Procesador-AMD-Ryzen-5-5600GT-con-AMD-Radeon-Graphics-Socket-AM4-4-60GHz-6-Nucleos-16MB-Cache-Incluye-Disipador.html,,,,,,,,Procesadores,,,,,,,AMD Ryzen 5,,,,,,,,,,,5600GT,,6,,,,,,,,Socket AM4,,,,,,,,,,,,,,,,,,
"Procesador AMD Ryzen 5 9600X con AMD Radeon Graphics, Socket AM5, 5.40GHz, 6 Núcleos, 38MB Caché - No incluye Disipador",AMD,4269.0,https://www.cyberpuerta.mx/img/product/S/CP-AMD-100-100001405WOF-ff2249.jpg,https://www.cyberpuerta.mx/Computo-Hardware/Componentes/Procesadores/Procesadores-para-PC/Procesador-AMD-Ryzen-5-9600X-con-AMD-Radeon-Graphics-Socket-AM5-5-40GHz-6-Nucleos-38MB-Cache-No-incluye-Disipador.html,,,,,,,,Procesadores,,,,,,,AMD Ryzen 5,,,,,,,,,,,9600X,,6,,,,,,,,Socket AM5,,,,,,,,,,,,,,,,,,
"Procesador AMD Ryzen 7 9700X con AMD Radeon Graphics, Socket AM5, 5.50GHz, 8 Núcleos, 40MB Caché - No incluye Disipador",AMD,6059.0,https://www.cyberpuerta.mx/img/product/S/CP-AMD-100-100001404WOF-be3139.jpg,https://www.cyberpuerta.mx/Computo-Hardware/Componentes/Procesadores/Procesadores-para-PC/Procesador-AMD-Ryzen-7-9700X-con-AMD-Radeon-Graphics-Socket-AM5-5-50GHz-8-Nucleos-40MB-Cache-No-incluye-Disipador.html,,,,,,,,Procesadores,,,,,,,AMD Ryzen 7,,,,,,,,,,,9700X,,8,,,,,,,,Socket AM5,,,,,,,,,,,,,,,,,,
"Procesador AMD Ryzen 5 8500G con AMD Radeon Graphics, Socket AM5, 5GHz, 6 Núcleos, 16MB Caché - Incluye Disipador",AMD,2429.0,https://www.cyberpuerta.mx/img/product/S/CP-AMD-100-100000931BOX-1.png,https://www.cyberpuerta.mx/Computo-Hardware/Componentes/Procesadores/Procesadores-para-PC/Procesador-AMD-Ryzen-5-8500G-con-AMD-Radeon-Graphics-Socket-AM5-5GHz-6-Nucleos-16MB-Cache-Incluye-Disipador.html,,,,,,,,Procesadores,,,,,,,AMD Ryzen 5,,,,,,,,,,,8500G,,6,,,,,,,,Socket AM5,,,,,,,,,,,,,,,,,,
"Procesador AMD Ryzen 5 8600G con AMD Radeon Graphics, Socket AM5, 5GHz, 6 Núcleos, 16MB Caché - Incluye Disipador",AMD,2809.0,https://www.cyberpuerta.mx/img/product/S/CP-AMD-100-100001237BOX-1.png,https://www.cyberpuerta.mx/Computo-Hardware/Componentes/Procesadores/Procesadores-para-PC/Procesador-AMD-Ryzen-5-8600G-con-AMD-Radeon-Graphics-Socket-AM5-5GHz-6-Nucleos-16MB-Cache-Incluye-Disipador.html,,,,,,,,Procesadores,,,,,,,AMD Ryzen 5,,,,,,,,,,,8600G,,6,,,,,,,,Socket AM5,,,,,,,,,,,,,,,,,,
"Tarjeta de Video Gigabyte AMD Radeon RX 7600 GAMING OC, 8GB 128-bit GDDR6, PCI Express 4.0",AMD,5089.0,https://www.cyberpuerta.mx/img/product/S/CP-GIGABYTE-GV-R76GAMINGOC-8GD-4dc59c.jpg,https://www.cyberpuerta.mx/Computo-Hardware/Componentes/Tarjetas-de-Video/Tarjeta-de-Video-Gigabyte-AMD-Radeon-RX-7600-GAMING-OC-8GB-128-bit-GDDR6-PCI-Express-4-1.html,,,,,,,,Tarjetas de Video,,,,,,,,,,,8 GB,,,,,,,,,,2,,,,,,,,,,,,,,,,PCI Express 4.0,GDDR6,,,,,,,,
"Tarjeta de Video ASUS NVIDIA GeForce GT 730 Low Profile, 2GB 64-bit GDDR5, PCI Express 2.0",NVIDIA,1649.0,https://www.cyberpuerta.mx/img/product/S/CP-ASUS-90YV06N2-M0NA00-1.jpg,https://www.cyberpuerta.mx/Computo-Hardware/Componentes/Tarjetas-de-Video/Tarjeta-de-Video-ASUS-NVIDIA-GeForce-GT-730-Low-Profile-2GB-64-bit-GDDR5-PCI-Express-2-0.html,,,,,,,,Tarjetas de Video,,,,,,,,,,,2 GB,,,,,,,,,,1,,,,,,,,,,,,,,,,PCI Express 2.0,GDDR5,,,,,,,,
"Tarjeta de Video Gigabyte NVIDIA GeForce RTX 5080 GAMING OC, 16GB 256-bit GDDR7, PCI Express 5.0 ― ¡Compra y obtén PRAGMATA! Un código por cliente",NVIDIA,30719.0,https://www.cyberpuerta.mx/img/product/S/CP-GIGABYTE-GV-N5080GAMINGOC-16GD-f9fc5b.jpg,https://www.cyberpuerta.mx/Computo-Hardware/Componentes/Tarjetas-de-Video/Tarjeta-de-Video-Gigabyte-NVIDIA-GeForce-RTX-5080-GAMING-OC-16GB-256-bit-GDDR7-PCI-Express-5-1.html,,,,,,,,Tarjetas de Video,,,,,,,,,,,16 GB,,,,,,,,,,1,,,,,,,,,,,,,,,,PCI Express 5.0,GDDR7,,,,,,,,
"Tarjeta de Video Lenovo NVIDIA T1000, 8GB 128-bit GDDR6, PCI Express x16 3.0",NVIDIA,6499.0,https://www.cyberpuerta.mx/img/product/S/CP-LENOVO-4X67A79777-892eb5.jpg,https://www.cyberpuerta.mx/Computo-Hardware/Componentes/Tarjetas-de-Video/Tarjeta-de-Video-Lenovo-NVIDIA-T1000-8GB-128-bit-GDDR6-PCI-Express-x16-3-0.html,,,,,,,,Tarjetas de Video,,,,,,,,,,,8 GB,,,,,,,,,,No disponible,,,,,,,,,,,,,,,,PCI Express x16 3.0,GDDR6,,,,,,,,
"Tarjeta de Video XFX AMD Radeon RX 9070 XT Mercury OC Gaming Edition RGB, 16GB 256-bit GDDR6, PCI Express 5.0",AMD,15279.0,https://www.cyberpuerta.mx/img/product/S/CP-XFX-RX-97TRGBBB9-e10f04.jpg,https://www.cyberpuerta.mx/Computo-Hardware/Componentes/Tarjetas-de-Video/Tarjeta-de-Video-XFX-AMD-Radeon-RX-9070-XT-Mercury-OC-Gaming-Edition-RGB-16GB-256-bit-GDDR6-PCI-Express-5-1.html,,,,,,,,Tarjetas de Video,,,,,,,,,,,16 GB,,,,,,,,,,1,,,,,,,,,,,,,,,,PCI Express 5.0,GDDR6,,,,,,,,
"Tarjeta de Video Sapphire AMD Radeon RX 9060 XT PULSE XT OC, 16GB 128-bit GDDR6, PCI Express 5.0",AMD,8099.0,https://www.cyberpuerta.mx/img/product/S/CP-SAPPHIRE-11350-03-20G-1.png,https://www.cyberpuerta.mx/Computo-Hardware/Componentes/Tarjetas-de-Video/Tarjeta-de-Video-Sapphire-AMD-Radeon-RX-9060-XT-PULSE-XT-OC-16GB-128-bit-GDDR6-PCI-Express-5-0.html,,,,,,,,Tarjetas de Video,,,,,,,,,,,16GB,,,,,,,,,,2,,,,,,,,,,,,,,,,PCI Express 5.0,GDDR6,,,,,,,,
"Tarjeta de Video ASUS AMD Radeon RX 9070 XT Prime OC, 16GB 256-bit GDDR6, PCI Express x16 5.0",AMD,12509.0,https://www.cyberpuerta.mx/img/product/S/CP-ASUS-90YV0L71-M0AA00-1.png,https://www.cyberpuerta.mx/Computo-Hardware/Componentes/Tarjetas-de-Video/Tarjeta-de-Video-ASUS-AMD-Radeon-RX-9070-XT-Prime-OC-16GB-256-bit-GDDR6-PCI-Express-x16-5-0.html,,,,,,,,Tarjetas de Video,,,,,,,,,,,16GB,,,,,,,,,,1,,,,,,,,,,,,,,,,PCI Express x16 5.0,GDDR6,,,,,,,,
"Tarjeta de Video MSI NVIDIA GeForce RTX 5060 VENTUS 2X OC, 8GB 128-bit GDDR7, PCI Express x16 5.0",NVIDIA,7739.0,https://www.cyberpuerta.mx/img/product/S/CP-MSI-GEFORCERTX50608GVENTUS2XOC-1.png,https://www.cyberpuerta.mx/Computo-Hardware/Componentes/Tarjetas-de-Video/Tarjeta-de-Video-MSI-NVIDIA-GeForce-RTX-5060-VENTUS-2X-OC-8GB-128-bit-GDDR7-PCI-Express-x16-5-1.html,,,,,,,,Tarjetas de Video,,,,,,,,,,,8GB,,,,,,,,,,1,,,,,,,,,,,,,,,,PCI Express x16 5.0,GDDR7,,,,,,,,
"Tarjeta Madre Gigabyte B650 EAGLE AX, ATX, Socket AM5, AMD B650, 192GB DDR5, HDMI/DP para AMD",AMD,2679.0,https://www.cyberpuerta.mx/img/product/S/CP-GIGABYTE-B650EAGLEAX-1.jpg,https://www.cyberpuerta.mx/Computo-Hardware/Componentes/Tarjetas-Madre/Tarjeta-Madre-Gigabyte-B650-EAGLE-AX-ATX-Socket-AM5-AMD-B650-192GB-DDR5-HDMI-DP-para-AMD-1.html,,,,,,,,Tarjetas Madre,,AMD B650,,,,,,,,,,,,,,,192GB,,,,,,,,,,,Socket AM5,,,,,,,,,,,,DDR5,,,,,,
"Tarjeta Madre Gigabyte B650M D3HP AX, Micro-ATX, Socket AM5, AMD B650, 256GB DDR5, HDMI/DP para AMD",AMD,2489.0,https://www.cyberpuerta.mx/img/product/S/CP-GIGABYTE-B650MD3HPAX-09754d.jpg,https://www.cyberpuerta.mx/Computo-Hardware/Componentes/Tarjetas-Madre/Tarjeta-Madre-Gigabyte-B650M-D3HP-AX-Micro-ATX-Socket-AM5-AMD-B650-256GB-DDR5-HDMI-DP-para-AMD.html,,,,,,,,Tarjetas Madre,,AMD B650,,,,,,,,,,,,,,,256 GB,,,,,,,,,,,Enchufe AM5,,,,,,,,,,,,DDR5-SDRAM,,,,,,
"Tarjeta Madre ASUS ROG MAXIMUS Z890 HERO, ATX, LGA 1851, Intel Z890, 192GB DDR5, HDMI/DP para Intel",INTEL,8969.0,https://www.cyberpuerta.mx/img/product/S/CP-ASUS-90MB1ID0-M0EAY0-fcff5c.jpg,https://www.cyberpuerta.mx/Computo-Hardware/Componentes/Tarjetas-Madre/Tarjeta-Madre-ASUS-ROG-MAXIMUS-Z890-HERO-ATX-LGA-1851-Intel-Z890-192GB-DDR5-HDMI-DP-para-Intel.html,,,,,,,,Tarjetas Madre,,Intel Z890,,,,,,,,,,,,,,,192 GB,,,,,,,,,,,LGA 1851 (Socket V1),,,,,,,,,,,,DDR5-SDRAM,,,,,,
"Tarjeta Madre AORUS Z890 AORUS ELITE WIFI7 ICE, ATX, LGA 1851, Intel Z890, 256GB DDR5, HDMI/DP para Intel",INTEL,5629.0,https://www.cyberpuerta.mx/img/product/S/CP-AORUS-Z890AELITEWF7ICE-3d9c8b.jpg,https://www.cyberpuerta.mx/Computo-Hardware/Componentes/Tarjetas-Madre/Tarjeta-Madre-AORUS-Z890-AORUS-ELITE-WIFI7-ICE-ATX-LGA-1851-Intel-Z890-256GB-DDR5-HDMI-DP-para-Intel.html,,,,,,,,Tarjetas Madre,,Intel Z890,,,,,,,,,,,,,,,256 GB,,,,,,,,,,,LGA 1851 (Socket V1),,,,,,,,,,,,DDR5-SDRAM,,,,,,
"Tarjeta Madre ASUS PRIME A620M-K, Micro-ATX, Socket AM5, AMD A620, 96GB DDR5, HDMI para AMD",AMD,1179.0,https://www.cyberpuerta.mx/img/product/S/CP-ASUS-90MB1F40-M0AAY0-980b36.jpg,https://www.cyberpuerta.mx/Computo-Hardware/Componentes/Tarjetas-Madre/Tarjeta-Madre-ASUS-PRIME-A620M-K-Micro-ATX-Socket-AM5-AMD-A620-96GB-DDR5-HDMI-para-AMD.html,,,,,,,,Tarjetas Madre,,AMD A620,,,,,,,,,,,,,,,96 GB,,,,,,,,,,,Enchufe AM5,,,,,,,,,,,,DDR5-SDRAM,,,,,,
"Tarjeta Madre MSI PRO Z890-S WIFI PZ, ATX, LGA 1851, Intel Z890, 256GB DDR5, HDMI/DP para Intel",INTEL,4749.0,https://www.cyberpuerta.mx/img/product/S/CP-MSI-PROZ890-SWIFIPZ-c8016f.jpg,https://www.cyberpuerta.mx/Computo-Hardware/Componentes/Tarjetas-Madre/Tarjeta-Madre-MSI-PRO-Z890-S-WIFI-PZ-ATX-LGA-1851-Intel-Z890-256GB-DDR5-HDMI-DP-para-Intel.html,,,,,,,,Tarjetas Madre,,Intel Z890,,,,,,,,,,,,,,,256 GB,,,,,,,,,,,LGA 1851 (Socket V1),,,,,,,,,,,,DDR5-SDRAM,,,,,,
"Tarjeta Madre ASUS TUF GAMING Z890-PLUS WIFI, ATX, LGA 1851, Intel Z890, 192GB DDR5, HDMI/DP para Intel",INTEL,5249.0,https://www.cyberpuerta.mx/img/product/S/CP-ASUS-90MB1IQ0-M0EAY0-b6d231.jpg,https://www.cyberpuerta.mx/Computo-Hardware/Componentes/Tarjetas-Madre/Tarjeta-Madre-ASUS-TUF-GAMING-Z890-PLUS-WIFI-ATX-LGA-1851-Intel-Z890-192GB-DDR5-HDMI-DP-para-Intel.html,,,,,,,,Tarjetas Madre,,Intel Z890,,,,,,,,,,,,,,,192 GB,,,,,,,,,,,LGA 1851 (Socket V1),,,,,,,,,,,,DDR5-SDRAM,,,,,,
"Tarjeta Madre ASUS PRIME Z890M-PLUS WIFI, Micro-ATX, LGA 1851, Intel Z890, 192GB DDR5, HDMI/DP para Intel",INTEL,3939.0,https://www.cyberpuerta.mx/img/product/S/CP-ASUS-PRIMEZ890M-PLUSWIFI-b9a12b.jpg,https://www.cyberpuerta.mx/Computo-Hardware/Componentes/Tarjetas-Madre/Tarjeta-Madre-ASUS-PRIME-Z890M-PLUS-WIFI-Micro-ATX-LGA-1851-Intel-Z890-192GB-DDR5-HDMI-DP-para-Intel.html,,,,,,,,Tarjetas Madre,,Intel Z890,,,,,,,,,,,,,,,192 GB,,,,,,,,,,,LGA 1851 (Socket V1),,,,,,,,,,,,DDR5-SDRAM,,,,,,
"Gabinete Corsair iCUE 7000X RGB, Full Tower, ATX/EATX/Micro-ATX/Mini-ITX, USB 3.0, sin Fuente, 4 Ventiladores Instalados, Blanco",CORSAIR,4979.0,https://www.cyberpuerta.mx/img/product/S/CP-CORSAIR-CC-9011227-WW-fb59d2.jpg,https://www.cyberpuerta.mx/Computo-Hardware/Componentes/Gabinetes/Gabinete-Corsair-iCUE-7000X-RGB-Full-Tower-ATX-EATX-Micro-ATX-Mini-ITX-USB-3-0-sin-Fuente-4-Ventiladores-Instalados-Blanco.html,,,,,4,,,Gabinetes,,,,,,Full Tower,,ATX/EATX/Micro-ATX/Mini-ITX,,True,,,,,,,,,,,,,,,,,,,,,,,,,,,,,,,4,,,,,
"Gabinete MSI MAG FORGE 321R AIRFLOW, Midi-Tower, ATX/Micro-ATX/Mini-ITX, USB 3.0, sin Fuente, 4 Ventiladores Instalados, Negro",MSI,1079.0,https://www.cyberpuerta.mx/img/product/S/CP-MSI-MAGFORGE321RAIRFLOW-a31f4e.jpg,https://www.cyberpuerta.mx/Computo-Hardware/Componentes/Gabinetes/Gabinete-MSI-MAG-FORGE-321R-AIRFLOW-Midi-Tower-ATX-Micro-ATX-Mini-ITX-USB-3-0-sin-Fuente-4-Ventiladores-Instalados-Negro.html,,,,,2,,,Gabinetes,,,,,,Midi Tower,,"ATX, Micro ATX, Mini-ITX",,True,,,,,,,,,,,,,,,,,,,,,,,,,,,,,,,4,,,,,
"Gabinete ASUS ROG STRIX HELIOS, Midi-Tower, ATX/EATX/Micro-ATX/Mini-ITX, USB 3.0, sin Fuente, 4 Ventiladores Instalados, Negro",ASUS,5279.0,https://www.cyberpuerta.mx/img/product/S/CP-ASUS-90DC0020-B30000-1.png,https://www.cyberpuerta.mx/Computo-Hardware/Componentes/Gabinetes/Gabinete-ASUS-ROG-STRIX-HELIOS-Midi-Tower-ATX-EATX-Micro-ATX-Mini-ITX-USB-3-0-sin-Fuente-4-Ventiladores-Instalados-Negro.html,,,,,4,,,Gabinetes,,,,,,Midi-Tower,,"ATX,EATX,Micro ATX,Mini-ATX",,True,,,,,,,,,,,,,,,,,,,,,,,,,,,,,,,4,,,,,
"Gabinete Corsair Icue Link 3500X RGB, Midi-Tower, ATX/EATX/Micro-ATX/Mini-ITX, USB 3.0, sin Fuente, sin Ventiladores Instalados, Blanco",CORSAIR,1459.0,https://www.cyberpuerta.mx/img/product/S/CP-CORSAIR-CC-9011277-WW-3f31c7.jpg,https://www.cyberpuerta.mx/Computo-Hardware/Componentes/Gabinetes/Gabinete-Corsair-Icue-Link-3500X-RGB-Midi-Tower-ATX-EATX-Micro-ATX-Mini-ITX-USB-3-0-sin-Fuente-sin-Ventiladores-Instalados-Blanco.html,,,,,2,,,Gabinetes,,,,,,Midi Tower,,ATX/EATX/Micro-ATX/Mini-ITX,,True,,,,,,,,,,,,,,,,,,,,,,,,,,,,,,,No disponible,,,,,
"Gabinete HYTE Y60 con Ventana, Midi-Tower, ATX/EATX/ITX/micro-ATX, USB 3.0, sin Fuente, 3 Ventiladores Instalados, Negro",GABINETE,3109.0,https://www.cyberpuerta.mx/img/product/S/CP-HYTE-CS-HYTE-Y60-B-7d3993.jpg,https://www.cyberpuerta.mx/Computo-Hardware/Componentes/Gabinetes/Gabinete-HYTE-Y60-con-Ventana-Midi-Tower-ATX-EATX-ITX-micro-ATX-USB-3-0-sin-Fuente-3-Ventiladores-Instalados-Negro.html,,,,,2,,,Gabinetes,,,,,,Midi Tower,,"ATX, EATX, ITX, Micro ATX",,True,,,,,,,,,,,,,,,,,,,,,,,,,,,,,,,,,,,,
"Gabinete Corsair 4000D RS, Midi-Tower, ATX/EATX/Micro-ATX/Mini-ITX, USB 3.0, sin Fuente, 3 Ventiladores Instalados, Blanco",CORSAIR,1899.0,https://www.cyberpuerta.mx/img/product/S/CP-CORSAIR-CC-9011313-WW-dc124d.jpg,https://www.cyberpuerta.mx/Computo-Hardware/Componentes/Gabinetes/Gabinete-Corsair-4000D-RS-Midi-Tower-ATX-EATX-Micro-ATX-Mini-ITX-USB-3-0-sin-Fuente-3-Ventiladores-Instalados-Blanco.html,,,,,2,,,Gabinetes,,,,,,Midi Tower,,"ATX, EATX, Micro ATX, Mini-ITX",,True,,,,,,,,,,,,,,,,,,,,,,,,,,,,,,,3,,,,,
"Gabinete Balam Rush TANK MAJESTIC 7600, Midi-Tower, ATX/Micro-ATX/Mini-ITX, USB 2.0/3.0, sin Fuente, 5 Ventiladores Instalados, Blanco",GABINETE,2199.0,https://www.cyberpuerta.mx/img/product/S/CP-BALAMRUSH-BR-941501-4ce5d4.png,https://www.cyberpuerta.mx/Computo-Hardware/Componentes/Gabinetes/Gabinete-Balam-Rush-TANK-MAJESTIC-7600-Midi-Tower-ATX-Micro-ATX-Mini-ITX-USB-2-0-3-0-sin-Fuente-5-Ventiladores-Instalados-Blanco.html,,,,,1,,,Gabinetes,,,,,,Midi-Tower,,ATX/Micro-ATX/Mini-ITX,,True,,,,,,,,,,,,,,,,,,,,,,,,,,,,,,,5,,,,,
"Gabinete be quiet! LIGHT BASE 600 LX, Midi-Tower, ATX/Micro-ATX/Mini-ITX, USB 3.0, sin Fuente, 4 Ventiladores Instalados, Negro",BE QUIET,2829.0,https://www.cyberpuerta.mx/img/product/S/CP-BEQUIET-BGW67-08150a.jpg,https://www.cyberpuerta.mx/Computo-Hardware/Componentes/Gabinetes/Gabinete-be-quiet-LIGHT-BASE-600-LX-Midi-Tower-ATX-Micro-ATX-Mini-ITX-USB-3-0-sin-Fuente-4-Ventiladores-Instalados-Negro.html,,,,,2,,,Gabinetes,,,,,,Midi Tower,,"ATX, Micro ATX, Mini-ITX",,True,,,,,,,,,,,,,,,,,,,,,,,,,,,,,,,4,,,,,
"Fuente de Poder Cooler Master MWE V3 80 PLUS Gold ATX, 24-pin ATX, 12VHPWR, 120mm, 850W",HP,1169.0,https://www.cyberpuerta.mx/img/product/S/CP-COOLERMASTER-MPE-8506-ACAG-BUS-8aa104.jfif,https://www.cyberpuerta.mx/Computo-Hardware/Componentes/Fuentes-de-Poder-para-PC-s/Fuente-de-Poder-Cooler-Master-MWE-V3-80-PLUS-Gold-ATX-24-pin-ATX-12VHPWR-120mm-850W.html,24-pin ATX,,,,,,,Fuentes de Poder,80 PLUS Gold,,,,,ATX,,,,,,,,,,,,,,,,,,850W,,,,,,,,,,,,No modular,,,,,,,,,,
"Fuente de Poder XPG PYLON 80 PLUS Bronze ATX, 24-pin ATX, 120mm, 650W",FUENTE,919.0,https://www.cyberpuerta.mx/img/product/S/CP-XPG-PYLON650B-BKCUS-1.jpg,https://www.cyberpuerta.mx/Computo-Hardware/Componentes/Fuentes-de-Poder-para-PC-s/Fuente-de-Poder-XPG-PYLON-80-PLUS-Bronze-ATX-24-pin-ATX-120mm-650W.html,24-pines ATX,,,,,,,Fuentes de Poder,80 PLUS Bronze,,,,,ATX,,,,,,,,,,,,,,,,,,650 W,,,,,,,,,,,,No modular,,,,,,,,,,
"Fuente de Poder MSI MAG A750BN PCIE5 80 PLUS Bronze ATX, 24-pin ATX, 120mm, 750W",MSI,1489.0,https://www.cyberpuerta.mx/img/product/S/CP-MSI-MAGA850GLSPCIE5-dc625e.png,https://www.cyberpuerta.mx/Computo-Hardware/Componentes/Fuentes-de-Poder-para-PC-s/Fuente-de-Poder-MSI-MAG-A750BN-PCIE5-80-PLUS-Bronze-ATX-24-pin-ATX-120mm-750W.html,24-pines ATX,,,,,,,Fuentes de Poder,80 PLUS Bronze,,,,,ATX,,,,,,,,,,,,,,,,,,750 W,6,,MAG A850GLS PCIE5,,,164282 pzas.,,,,,,No modular,,,,,,,,,,
"Fuente de Poder MSI MAG A850GLS PCIE5 80 PLUS Gold ATX, Modular, 24-pin ATX, 135mm, 850W",MSI,1489.0,https://www.cyberpuerta.mx/img/product/S/CP-MSI-MAGA850GLSPCIE5-dc625e.png,https://www.cyberpuerta.mx/Computo-Hardware/Componentes/Fuentes-de-Poder-para-PC-s/Fuente-de-Poder-MSI-MAG-A850GLS-PCIE5-80-PLUS-Gold-ATX-Modular-24-pin-ATX-135mm-850W.html,24-pin ATX,,,,,,,Fuentes de Poder,80 PLUS Gold,,,,,ATX,,,,,,,,,,,,,,,,,,850W,,,,,,,,,,,,Modular,,,,,,,,,,
"Fuente de Poder Balam Rush GR Burst GR750G 80 PLUS Gold ATX, Modular, 24-pin ATX, 120mm, 750W",FUENTE,1149.0,https://www.cyberpuerta.mx/img/product/S/CP-BALAMRUSH-BR-937665-085b3e.jpg,https://www.cyberpuerta.mx/Computo-Hardware/Componentes/Fuentes-de-Poder-para-PC-s/Fuente-de-Poder-Balam-Rush-GR-Burst-GR750G-80-PLUS-Gold-ATX-Modular-24-pin-ATX-120mm-750W.html,20+4 pin ATX,,,,,,,Fuentes de Poder,80 PLUS Gold,,,,,ATX,,,,,,,,,,,,,,,,,,750 W,,,,,,,,,,,,Totalmente modular,,,,,,,,,,
"Fuente de Poder ASUS TUF Gaming 80 PLUS Gold ATX, Modular, 24-pin ATX, 12VHPWR, 120mm, 1000W",ASUS,2849.0,https://www.cyberpuerta.mx/img/product/S/CP-ASUS-TUF-GAMING-1000G-WHITE-856380.png,https://www.cyberpuerta.mx/Computo-Hardware/Componentes/Fuentes-de-Poder-para-PC-s/Fuente-de-Poder-ASUS-TUF-Gaming-80-PLUS-Gold-ATX-Modular-24-pin-ATX-12VHPWR-120mm-1000W.html,24-pin ATX,,,,,,,Fuentes de Poder,80 PLUS Gold,,,,,ATX,,,,,,,,,,,,,,,,,,1000W,,,,,,,,,,,,Modular,,,,,,,,,,
"Fuente de Poder Gigabyte UD850GM PG5 V2 ICE 80 PLUS Gold ATX, Modular, 24-pin ATX, 12VHPWR, 120mm, 850W",GIGABYTE,1519.0,https://www.cyberpuerta.mx/img/product/S/CP-GIGABYTE-GP-UD850GMPG5ICE-117efa.png,https://www.cyberpuerta.mx/Computo-Hardware/Componentes/Fuentes-de-Poder-para-PC-s/Fuente-de-Poder-Gigabyte-UD850GM-PG5-V2-ICE-80-PLUS-Gold-ATX-Modular-24-pin-ATX-12VHPWR-120mm-850W.html,20+4 pin ATX,,,,,,,Fuentes de Poder,80 PLUS Gold,,,,,ATX,,,,,,,,,,,,,,,,,,850W,,,,,,,,,,,,Totalmente modular,,,,,,,,,,
"Fuente de Poder MSI MAG A850GL PCIE5 80 PLUS Gold ATX, Modular, 24-pin ATX, 12VHPWR, 120mm, 850W",MSI,1469.0,https://www.cyberpuerta.mx/img/product/S/CP-MSI-MAGA850GLPCIE5-72954d.jpg,https://www.cyberpuerta.mx/Computo-Hardware/Componentes/Fuentes-de-Poder-para-PC-s/Fuente-de-Poder-MSI-MAG-A850GL-PCIE5-80-PLUS-Gold-ATX-Modular-24-pin-ATX-12VHPWR-120mm-850W.html,20+4 pin ATX,,,,,,,Fuentes de Poder,80 PLUS Gold,,,,,ATX,,,,,,,,,,,,,,,,,,850 W,,,,,,,,,,,,Totalmente modular,,,,,,,,,,
"Disipador CPU Einarex Glide G300 White, 120mm, hasta 2600RPM, Blanco",DISIPADOR,1409.0,https://www.cyberpuerta.mx/img/product/S/CP-EINAREX-EXAC-GL-300-R-W-b90170.png,https://www.cyberpuerta.mx/Computo-Hardware/Componentes/Enfriamiento-y-Ventilacion/Disipadores-para-CPU/Disipador-CPU-Einarex-Glide-G300-White-120mm-hasta-2600RPM-Blanco.html,,,,,,,,Disipadores CPU,,,,,12 cm,,,,,,,,,,,,,,,,,2 Ventilador(es),,,,,,,"LGA 1150, LGA 1151, LGA 1155, LGA 1156, LGA 1200, LGA 1700, LGA 1851, LGA 2011, LGA 2011-v3, AM4, AM5",,,,,,,,,,,,,,2600 RPM,,,
"Disipador CPU Einarex Glide G300, 120mm, hasta 2600RPM, Negro",DISIPADOR,1389.0,https://www.cyberpuerta.mx/img/product/S/CP-EINAREX-EXAC-GL-300-R-B-cecd04.png,https://www.cyberpuerta.mx/Computo-Hardware/Componentes/Enfriamiento-y-Ventilacion/Disipadores-para-CPU/Disipador-CPU-Einarex-Glide-G300-120mm-hasta-2600RPM-Negro.html,,,,,,,,Disipadores CPU,,,,,12 cm,,,,,,,,,,,,,,,,,2 Ventilador(es),,,,,,,"LGA 1851, LGA 1700, LGA 1200, LGA 1150, LGA 1151, LGA 1155, Socket AM4, Socket AM5",,,,,,,,,,,,,,2600 RPM,,,
"Disipador CPU MSI MAG COREFROZR AA13, 120mm, hasta 2070RPM, Negro",MSI,317.0,https://www.cyberpuerta.mx/img/product/S/CP-MSI-MAGCOREFROZRAA13-b8a6e9.jpg,https://www.cyberpuerta.mx/Computo-Hardware/Componentes/Enfriamiento-y-Ventilacion/Disipadores-para-CPU/Disipador-CPU-MSI-MAG-COREFROZR-AA13-120mm-hasta-2070RPM-Negro.html,,,,,,,,Disipadores CPU,,,,,12 cm,,,,,,,,,,,,,,,,,1 Ventilador(es),,,,,,,"Intel LGA1851, LGA 1700, LGA 1851, Enchufe AM4, Enchufe AM5",,,,,,,,,,,,,,2070RPM,,,
"Disipador CPU Vetroo V5, 120mm, hasta 1700RPM, Negro",DISIPADOR,639.0,https://www.cyberpuerta.mx/img/product/S/CP-VETROO-VT-CPU-V5-BK-a37176.jpg,https://www.cyberpuerta.mx/Computo-Hardware/Componentes/Enfriamiento-y-Ventilacion/Disipadores-para-CPU/Disipador-CPU-Vetroo-V5-120mm-hasta-1700RPM-Negro.html,,,,,,,,Disipadores CPU,,,,,12 cm,,,,,,,,,,,,,,,,,1,,,,,,,"LGA 1851, LGA 1700, LGA 1200, LGA 1150, LGA 1151, LGA 1155, LGA 1156, LGA 2011-v3, LGA 2066, Socket AM4, Socket AM5, Socket AM3, Socket AM3+, Socket AM2, Socket AM2+, Socket FM2+, Socket FM2, Socket FM1",,,,,,,,,,,,,,1700 RPM,,,
"Disipador CPU Cooler Master Hyper 212 Pro, 120mm, hasta 2500RPM, Negro",COOLER MASTER,849.0,https://www.cyberpuerta.mx/img/product/S/CP-COOLERMASTER-RR-212S-25PZ-R1-dcd026.jpg,https://www.cyberpuerta.mx/Computo-Hardware/Componentes/Enfriamiento-y-Ventilacion/Disipadores-para-CPU/Disipador-CPU-Cooler-Master-Hyper-212-Pro-120mm-hasta-2500RPM-Negro.html,,,,,,,,Disipadores CPU,,,,,12 cm,,,,,,,,,,,,,,,,,1 Ventilador(es),,,,,,,"LGA 1150 (Zócalo H3), LGA 1151 (Zócalo H4), LGA 1155 (Socket H2), LGA 1156 (Socket H), LGA 1200 (Socket H5), LGA 1700, Enchufe AM4, Enchufe AM5",,,,,,,,,,,,,,2500 RPM,,,
"Disipador CPU Thermaltake UX200 SE ARGB, 120mm, hasta 1800RPM, Negro",THERMALTAKE,519.0,https://www.cyberpuerta.mx/img/product/S/CP-THERMALTAKE-CL-P105-AL12SW-A-d77fae.jpg,https://www.cyberpuerta.mx/Computo-Hardware/Componentes/Enfriamiento-y-Ventilacion/Disipadores-para-CPU/Disipador-CPU-Thermaltake-UX200-SE-ARGB-120mm-hasta-1800RPM-Negro.html,,,,,,,,Disipadores CPU,,,,,12 cm,,,,,,,,,,,,,,,,,1 Ventilador(es),,,,,,,"LGA 1150 (Zócalo H3), LGA 1151 (Zócalo H4), LGA 1155 (Socket H2), LGA 1156 (Socket H), LGA 1366 (Socket B), LGA 2011 (Socket R), LGA 2011-v3 (Socket R), LGA 2066, Socket AM4",,,,,,,,,,,,,,1800 RPM,,,
"Disipador CPU Aerocool Cylon 4F, 120mm, hasta 1800RPM, Negro",DISIPADOR,539.0,https://www.cyberpuerta.mx/img/product/S/CP-AEROCOOL-CYLON4F-1.jpg,https://www.cyberpuerta.mx/Computo-Hardware/Componentes/Enfriamiento-y-Ventilacion/Disipadores-para-CPU/Disipador-CPU-Aerocool-Cylon-4F-120mm-hasta-1800RPM-Negro.html,,,,,,,,Disipadores CPU,,,,,12 cm,,,,,,,,,,,,,,,,,1 Ventilador(es),,,,,,,"LGA 1150 (Zócalo H3), LGA 1151 (Zócalo H4), LGA 1155 (Socket H2), LGA 1156 (Socket H), LGA 2011 (Socket R), LGA 2066, LGA 775 (Socket T), Socket AM2, Socket AM3, Socket AM3, Socket AM3+, Socket AM4, Socket FM1, Socket FM2",,,,,,,,,,,,,,1800 RPM,,,
"Disipador CPU Cooler Master MA410P, 120mm, hasta 2000RPM, Negro",COOLER MASTER,649.0,https://www.cyberpuerta.mx/img/product/S/CP-COOLERMASTER-MAP-T4PN-220PC-R1-1.jpg,https://www.cyberpuerta.mx/Computo-Hardware/Componentes/Enfriamiento-y-Ventilacion/Disipadores-para-CPU/Disipador-CPU-Cooler-Master-MA410P-120mm-hasta-2000RPM-Negro.html,,,,,,,,Disipadores CPU,,,,,12 cm,,,,,,,,,,,,,,,,,1 Ventilador(es),,,,,,,"LGA 1150, LGA 1151, LGA 1155, LGA 1156, LGA 1366, LGA1200, LGA 2066</br>Socket AM4, Socket AM3+, Socket AM3, Socket AM2, Socket FM2+, Socket FM2, Socket FM1",,,,,,,,,,,,,,2000 RPM,,,
"Cooler Master MasterLiquid 240L Core ARGB Enfriamiento Líquido para CPU, 2x 120mm, hasta 1750RPM, Negro",COOLER MASTER,1119.0,https://www.cyberpuerta.mx/img/product/S/CP-COOLERMASTER-MLW-D24M-A18PS-R1-2c8b54.png,https://www.cyberpuerta.mx/Computo-Hardware/Componentes/Enfriamiento-y-Ventilacion/Enfriamiento-Liquido/Cooler-Master-MasterLiquid-240L-Core-ARGB-Enfriamiento-Liquido-para-CPU-2x-120mm-hasta-1750RPM-Negro-1.html,,,,,,,,Enfriamiento Liquido,,,,,,,,,,,,,,,,,,,ARGB,,,2,,,,,,,"LGA 1851, LGA 1150 (Zócalo H3), LGA 1151 (Zócalo H4), LGA 1155 (Socket H2), LGA 1156 (Socket H), LGA 1700, Socket AM4, Socket AM5",,,240mm,,,,,,,,,,,,,,1750RPM
"MSI MAG CORELIQUID I240 Enfriamiento Líquido para CPU, 2x 120mm, hasta 2100RPM, Blanco",MSI,1059.0,https://www.cyberpuerta.mx/img/product/S/CP-MSI-MAGCORELIQUIDI240WHITE-be98b2.jpg,https://www.cyberpuerta.mx/Computo-Hardware/Componentes/Enfriamiento-y-Ventilacion/Enfriamiento-Liquido/MSI-MAG-CORELIQUID-I240-Enfriamiento-Liquido-para-CPU-2x-120mm-hasta-2100RPM-Blanco.html,,,,,,,,Enfriamiento Liquido,,,,,,,,,,,,,,,,,,,ARGB,,,2 Ventilador(es),,,,,,,"LGA 1150 (Zócalo H3), LGA 1151 (Zócalo H4), LGA 1155 (Socket H2), LGA 1156 (Socket H), LGA 1200 (Socket H5), LGA 1700, Enchufe AM4, Enchufe AM5",,,240mm,,,,,,,,,,,,,,2100RPM
"XPG LEVANTE X 240 Enfriamiento Líquido para CPU, 2x 120mm, hasta 2000RPM, Blanco",XPG,1319.0,https://www.cyberpuerta.mx/img/product/S/CP-XPG-LEVANTEX240-WHCWW-92497c.png,https://www.cyberpuerta.mx/Computo-Hardware/Componentes/Enfriamiento-y-Ventilacion/Enfriamiento-Liquido/XPG-LEVANTE-X-240-Enfriamiento-Liquido-para-CPU-2x-120mm-hasta-2000RPM-Blanco.html,,,,,,,,Enfriamiento Liquido,,,,,,,,,,,,,,,,,,,ARGB,,,2 Ventilador(es),,,,,,,"LGA 1700, LGA 1200, LGA 1150, LGA 1151, LGA 1155, Socket AM4, Socket AM5",,,240mm,,,,,,,,,,,,,,2000 RPM
"XPG LEVANTE X 360 Enfriamiento Líquido para CPU, 3x 120mm, hasta 2000RPM, Blanco",XPG,2519.0,https://www.cyberpuerta.mx/img/product/S/CP-XPG-LEVANTEX360-WHCWW-173b7b.png,https://www.cyberpuerta.mx/Computo-Hardware/Componentes/Enfriamiento-y-Ventilacion/Enfriamiento-Liquido/XPG-LEVANTE-X-360-Enfriamiento-Liquido-para-CPU-3x-120mm-hasta-2000RPM-Blanco.html,,,,,,,,Enfriamiento Liquido,,,,,,,,,,,,,,,,,,,ARGB,,,3 Ventilador(es),,,,,,,"LGA 1700, LGA 1200, LGA 1150, LGA 1151, LGA 1155, Socket AM4, Socket AM5",,,360mm,,,,,,,,,,,,,,2000 RPM
"Alseye I360 SE Enfriamiento Líquido para CPU, 3x 120mm, hasta 1800RPM, Blanco",ALSEYE,1659.0,https://www.cyberpuerta.mx/img/product/S/CP-ALSEYE-AS02080014-a504b3.jpg,https://www.cyberpuerta.mx/Computo-Hardware/Componentes/Enfriamiento-y-Ventilacion/Enfriamiento-Liquido/Alseye-I360-SE-Enfriamiento-Liquido-para-CPU-3x-120mm-hasta-1800RPM-Blanco.html,,,,,,,,Enfriamiento Liquido,,,,,,,,,,,,,,,,,,,ARGB,,,3 Ventilador(es),,,,,,,"LGA 1150, LGA 1151, LGA 1155, LGA 1156, LGA 1200, LGA 1700, LGA 1851, LGA 1366, LGA 2011, LGA 2066, LGA 1851, Socket AM4, Socket A5",,,360mm,,,,,,,,,,,,,,1800RPM
"Alseye W360-L-B Enfriamiento Líquido para CPU, 3x 120mm, hasta 2400RPM, Negro",ALSEYE,2029.0,https://www.cyberpuerta.mx/img/product/S/CP-ALSEYE-AS02090017-7128a1.jpg,https://www.cyberpuerta.mx/Computo-Hardware/Componentes/Enfriamiento-y-Ventilacion/Enfriamiento-Liquido/Alseye-W360-L-B-Enfriamiento-Liquido-para-CPU-3x-120mm-hasta-2400RPM-Negro.html,,,,,,,,Enfriamiento Liquido,,,,,,,,,,,,,,,,,,,ARGB,,,3 Ventilador(es),,,,,,,"LGA 1150, LGA 1151, LGA 1155, LGA 1156, LGA 1200, LGA 1700, LGA 1851, LGA 1366, LGA 2011, LGA 2066, LGA 1851, Socket AM4, Socket A5",,,360mm,,,,,,,,,,,,,,2400RPM
"Einarex Vertex 240 Enfriamiento Líquido para CPU, 2x 120mm, hasta 1800RPM, Blanco",EINAREX,1589.0,https://www.cyberpuerta.mx/img/product/S/CP-EINAREX-EXWC-VX-1240R-W-9067d1.png,https://www.cyberpuerta.mx/Computo-Hardware/Componentes/Enfriamiento-y-Ventilacion/Enfriamiento-Liquido/Einarex-Vertex-240-Enfriamiento-Liquido-para-CPU-2x-120mm-hasta-1800RPM-Blanco.html,,,,,,,,Enfriamiento Liquido,,,,,,,,,,,,,,,,,,,ARGB,,,2 Ventilador(es),,,,,,,"LGA 1851, LGA 1150, LGA 1151, LGA 1155, LGA 1156, LGA 1700, LGA 2011, LGA 2011-v3, LGA 2066, AM2, AM3, AM3, AM3+, AM4, AM5, FM1, FM2, FM2+",,,240mm,,,,,,,,,,,,,,1800RPM
"Einarex Vertex 360 White Enfriamiento Líquido para CPU, 3x 120mm, hasta 2600RPM, Blanco",EINAREX,1859.0,https://www.cyberpuerta.mx/img/product/S/CP-EINAREX-EXWC-VX-1360R-W-2b3250.png,https://www.cyberpuerta.mx/Computo-Hardware/Componentes/Enfriamiento-y-Ventilacion/Enfriamiento-Liquido/Einarex-Vertex-360-White-Enfriamiento-Liquido-para-CPU-3x-120mm-hasta-2600RPM-Blanco.html,,,,,,,,Enfriamiento Liquido,,,,,,,,,,,,,,,,,,,ARGB,,,3 Ventilador(es),,,,,,,"LGA 1150, LGA 1151, LGA 1155, LGA 1156, LGA 1200, LGA 2011-v3, LGA 2066, AM4, AM5",,,360mm,,,,,,,,,,,,,,2600RPM
"Memoria RAM Kingston FURY Beast DDR5, 6000MHz, 16GB, CL36, XMP/EXPO",KINGSTON,3669.0,https://www.cyberpuerta.mx/img/product/S/CP-KINGSTON-KF560C36BBE2-16-b7180b.jpg,https://www.cyberpuerta.mx/Computo-Hardware/Memorias-RAM-y-Flash/Memorias-RAM-para-PC/Memoria-RAM-Kingston-FURY-Beast-DDR5-6000MHz-16GB-CL36-XMP-EXPO.html,,,True,,,,16 GB,RAM para PC,,,,1 x 16GB,,,,,,,,,True,,,36,,,,,,,,,,,,,,,,,,,,,,,DDR5,,,6000MHz,,,,
"Memoria RAM Quaroni QD4U08G1 DDR4, 3200MHz, 8GB, CL22",MEMORIA,1119.0,https://www.cyberpuerta.mx/img/product/S/CP-QUARONI-QD4U08G1-bba3d7.png,https://www.cyberpuerta.mx/Computo-Hardware/Memorias-RAM-y-Flash/Memorias-RAM-para-PC/Memoria-RAM-Quaroni-QD4U08G1-DDR4-3200MHz-8GB-CL22.html,,No disponible,,,,,8GB,RAM para PC,,,,1 x 8GB,,,,,,,,No disponible,,,,CL22,,,,,,,,,,,,,,,,,,,,,,,DDR4,,,3200MHz,,,,
"Memoria RAM Kingston KCP432ND8/16 DDR4, 3200MHz, 16GB, CL22, Verde",KINGSTON,2199.0,https://www.cyberpuerta.mx/img/product/S/CP-KINGSTON-KCP432ND816-67598a.jpg,https://www.cyberpuerta.mx/Computo-Hardware/Memorias-RAM-y-Flash/Memorias-RAM-para-PC/Memoria-RAM-Kingston-KCP432ND8-16-DDR4-3200MHz-16GB-CL22-Verde.html,,No disponible,,,,,16 GB,RAM para PC,,,,1 x 16GB,,,,,,,,No disponible,,,,22,,,,,,,,,,,,,,,,,,,,,,,DDR4,,,3200MHz,,,,
"Kit Memoria RAM Lexar Ares RGB DDR5, 6000MHz, 32GB - 2 x 16GB, CL28, XMP/EXPO",KIT,18319.0,https://www.cyberpuerta.mx/img/product/S/CP-LEXAR-LD5U16G60C28BR-RGD-8924a1.jpg,https://www.cyberpuerta.mx/Computo-Hardware/Memorias-RAM-y-Flash/Memorias-RAM-para-PC/Kit-Memoria-RAM-Lexar-Ares-RGB-DDR5-6000MHz-32GB-2-x-16GB-CL28-XMP-EXPO.html,,,True,,,,32 GB,RAM para PC,,,,2 x 16GB,,,,,,,,,True,,,28,,,,,,,,,,,,,,,,,,,,,,,DDR5,,,6000MHz,,,,
"Kit Memoria RAM Lexar ARES DDR5, 6000MHz, 32GB - 2 x 16GB, CL38, XMP/EXPO",KIT,15199.0,https://www.cyberpuerta.mx/img/product/S/CP-LEXAR-LD5U16G60C38LG-RGD-12b0ee.png,https://www.cyberpuerta.mx/Computo-Hardware/Memorias-RAM-y-Flash/Memorias-RAM-para-PC/Kit-Memoria-RAM-Lexar-ARES-DDR5-6000MHz-32GB-2-x-16GB-CL38-XMP-EXPO.html,,,True,,,,32 GB,RAM para PC,,,,2 x 16GB,,,,,,,,,True,,,38,,,,,,,,,,,,,,,,,,,,,,,DDR5,,,6000MHz,,,,
"Memoria RAM XPG Lancer Blade DDR5, 6000MHz, 16GB, CL48, XMP/EXPO, Blanco",MEMORIA,4099.0,https://www.cyberpuerta.mx/img/product/S/CP-XPG-AX5U6000C4816G-SLABRWH-179db3.jpg,https://www.cyberpuerta.mx/Computo-Hardware/Memorias-RAM-y-Flash/Memorias-RAM-para-PC/Memoria-RAM-XPG-Lancer-Blade-DDR5-6000MHz-16GB-CL48-XMP-EXPO-Blanco-1.html,,,True,,,,16 GB,RAM para PC,,,,1 x 16GB,,,,,,,,,True,,,48,,,,,,,,,,,,,,,,,,,,,,,DDR5,,,6000MHz,,,,
"Memoria RAM XPG Spectrix D35G DDR4, 3200MHz, 16GB, CL16, XMP",MEMORIA,2079.0,https://www.cyberpuerta.mx/img/product/S/CP-XPG-AX4U320016G16A-SBKD35G-cbcacf.jpg,https://www.cyberpuerta.mx/Computo-Hardware/Memorias-RAM-y-Flash/Memorias-RAM-para-PC/Memoria-RAM-XPG-Spectrix-D35G-DDR4-3200MHz-16GB-CL16-XMP.html,,No disponible,,,,,16 GB,RAM para PC,,,,1 x 16GB,,,,,,,,,True,,,16,,,,,,,,,,,,,,,,,,,,,,,DDR4,,,3200MHz,,,,
"Memoria RAM Adata Lancer Blade DDR5, 5600MHz, 8GB, CL46, XMP/EXPO",MEMORIA,2279.0,https://www.cyberpuerta.mx/img/product/S/CP-ADATA-AX5U5600C468G-SLABRBK-797342.png,https://www.cyberpuerta.mx/Computo-Hardware/Memorias-RAM-y-Flash/Memorias-RAM-para-PC/Memoria-RAM-Adata-Lancer-Blade-DDR5-5600MHz-8GB-CL46-XMP-EXPO-1.html,,,True,,,,8 GB,RAM para PC,,,,1 x 8GB,,,,,,,,,True,,,46,,,,,,,,,,,,,,,,,,,,,,,DDR5,,,5600MHz,,,,
"Disco Duro Interno Toshiba L200 2.5"", 2TB, SATA III, 6 Gbit/s, 5400RPM, 128MB Caché",TOSHIBA,1779.0,https://www.cyberpuerta.mx/img/product/S/CP-TOSHIBA-HDWL120UZSVA-1.jpg,https://www.cyberpuerta.mx/Computo-Hardware/Discos-Duros-SSD-NAS/Discos-Duros-Internos-para-PC/Disco-Duro-Interno-Toshiba-L200-2-5-2TB-SATA-III-6-Gbit-s-5400RPM-128MB-Cache.html,,,,,,2000 GB,,SSD Internos,,,,,,,,,,,,,,SATA III,,,,,,,,,,,,,,,,,"2.5""",,,,,,,,,,,,,5400 RPM,6 Gbit/s,
"Disco Duro Interno Seagate Barracuda 3.5"", 8TB, SATA III, 6 Gbit/s, 5400RPM, 256MB Caché",SEAGATE,4259.0,https://www.cyberpuerta.mx/img/product/S/CP-SEAGATE-ST8000DM004-1.jpg,https://www.cyberpuerta.mx/Computo-Hardware/Discos-Duros-SSD-NAS/Discos-Duros-Internos-para-PC/Disco-Duro-Interno-Seagate-Barracuda-3-5-8TB-SATA-III-6-Gbit-s-5400RPM-256MB-Cache.html,,,,,,8000 GB,,SSD Internos,,,,,,,,,,,,,,SATA III,,,,,,,,,,,,,,,,,"3.5""",,,,,,,,,,,,,5400 RPM,6 Gbit/s,
"Disco Duro Interno Seagate Barracuda 3.5"", 1TB, SATA III, 6 Gbit/s, 7200RPM, 32MB Caché",SEAGATE,1939.0,https://www.cyberpuerta.mx/img/product/S/CP-SEAGATE-STDR1000400-af57c2.png,https://www.cyberpuerta.mx/Computo-Hardware/Discos-Duros-SSD-NAS/Discos-Duros-Internos-para-PC/Disco-Duro-Interno-Seagate-Barracuda-3-5-1TB-SATA-III-6-Gbit-s-7200RPM-32MB-Cache.html,,,,,,1TB,,SSD Internos,,,,,,,,,,,,,,SATA III,,,,,,,,,,,,,,,,,"3.5""",,,,,,,,,,,,,7200RPM,6 Gbit/s,
"Disco Duro Interno Seagate ST500DM001 3.5"", 500GB, SATA III, No disponible, 7200RPM, 16MB Caché",SEAGATE,839.0,https://www.cyberpuerta.mx/img/product/S/CP-SEAGATE-ST500DM001-3ba133.png,https://www.cyberpuerta.mx/Computo-Hardware/Discos-Duros-SSD-NAS/Discos-Duros-Internos-para-PC/Disco-Duro-Interno-Seagate-ST500DM001-3-5-500GB-SATA-III-No-disponible-7200RPM-16MB-Cache.html,,,,,,500GB,,SSD Internos,,,,,,,,,,,,,,SATA III,,,,,,,,,,,,,,,,,"3.5""",,,,,,,,,,,,,7200RPM,No disponible,
"Disco Duro Interno HGST HUS726T6TALE6L4 3.5"", 6TB, SATA III, 6 Gbit/s, 7200RPM, 256MB Caché",DISCO,4389.0,https://www.cyberpuerta.mx/img/product/S/CP-HGST-HUS726T6TALE6L4-1.jpg,https://www.cyberpuerta.mx/Computo-Hardware/Discos-Duros-SSD-NAS/Discos-Duros-Internos-para-PC/Disco-Duro-Interno-HGST-HUS726T6TALE6L4-3-5-6TB-SATA-III-6-Gbit-s-7200RPM-256MB-Cache.html,,,,,,6000 GB,,SSD Internos,,,,,,,,,,,,,,SATA III,,,,,,,,,,,,,,,,,"3.5""",,,,,,,,,,,,,7200 RPM,6 Gbit/s,
"Disco Duro Interno Seagate SkyHawk AI 3.5"", 12TB, SATA III, 6 Gbit/s, 7200RPM, 512MB Caché",SEAGATE,7039.0,https://www.cyberpuerta.mx/img/product/S/CP-SEAGATE-ST12000VE003-c8d0d3.jpg,https://www.cyberpuerta.mx/Computo-Hardware/Discos-Duros-SSD-NAS/Discos-Duros-Internos-para-PC/Disco-Duro-Interno-Seagate-SkyHawk-AI-3-5-12TB-SATA-III-6-Gbit-s-7200RPM-512MB-Cache.html,,,,,,12 TB,,SSD Internos,,,,,,,,,,,,,,SATA III,,,,,,,,,,,,,,,,,"3.5""",,,,,,,,,,,,,7200 RPM,6 Gbit/s,
"Disco Duro Interno Toshiba X300 3.5"", 8TB, SATA III, 6 Gbit/s, 7200RPM, 512MB Caché",TOSHIBA,3649.0,https://www.cyberpuerta.mx/img/product/S/CP-TOSHIBA-HDWR780XZSTA-cfaba1.png,https://www.cyberpuerta.mx/Computo-Hardware/Discos-Duros-SSD-NAS/Discos-Duros-Internos-para-PC/Disco-Duro-Interno-Toshiba-X300-3-5-8TB-SATA-III-6-Gbit-s-7200RPM-512MB-Cache.html,,,,,,8TB,,SSD Internos,,,,,,,,,,,,,,SATA III,,,,,,,,,,,,,,,,,"3.5""",,,,,,,,,,,,,7200RPM,6 Gbit/s,
"Disco Duro Interno Xerox 097S04971 No disponible, 320GB, No disponible, No disponible, No disponible Caché",XEROX,7279.0,https://www.cyberpuerta.mx/img/product/S/CP-XEROX-097S04971-f85c0a.jpg,https://www.cyberpuerta.mx/Computo-Hardware/Discos-Duros-SSD-NAS/Discos-Duros-Internos-para-PC/Disco-Duro-Interno-Xerox-097S04971-No-disponible-320GB-No-disponible-No-disponible-No-disponible-Cache.html,,,,,,320GB,,SSD Internos,,,,,,,,,,,,,,No disponible,,,,,,,,,,,,,,,,,No disponible,,,,,,,,,,,,,No disponible,No disponible,
"Monitor Gamer Ocelot Gaming OMP24 LED 23.8"", 1920x1080 Full HD, FreeSync, 144Hz, HDMI/DisplayPort, Negro",MONITOR,1479.0,https://www.cyberpuerta.mx/img/product/S/CP-OCELOTGAMING-OMP24-a37976.jpg,https://www.cyberpuerta.mx/Computo-Hardware/Monitores/Monitores/Monitor-Gamer-Ocelot-Gaming-OMP24-LED-23-8-1920x1080-Full-HD-FreeSync-144Hz-HDMI-DisplayPort-Negro.html,,,,NVIDIA G-SYNC:,,,,Monitores,,,"23.8""",,,,,,,,,,,,,,,,,,2,,Altavoces incorporados:,,2,,,,,,,,,,LED,,,,,,,,,,,
"Monitor BenQ GW2283 LED 21.5"", 1920x1080 Full HD, 60Hz, HDMI, Bocinas Integradas, Negro",BENQ,1539.0,https://www.cyberpuerta.mx/img/product/S/CP-BENQ-9HLHLLATBL-1.jpg,https://www.cyberpuerta.mx/Computo-Hardware/Monitores/Monitores/Monitor-BenQ-GW2283-LED-21-5-1920x1080-Full-HD-60Hz-HDMI-Bocinas-Integradas-Negro.html,,,,NVIDIA G-SYNC:,,,,Monitores,,,"54.6 cm (21.5"")",,,,,,,,,,,,,,,,,,2,,Altavoces incorporados:,,53,,,,,,,,,,LED,,,,,,,,,,,
"Monitor Lenovo L27-4E LCD 27"", 1920x1080 Full HD, 100Hz, HDMI, Negro",LENOVO,2529.0,https://www.cyberpuerta.mx/img/product/S/CP-LENOVO-68CDKAC1LA-c5603c.png,https://www.cyberpuerta.mx/Computo-Hardware/Monitores/Monitores/Monitor-Lenovo-L27-4E-LCD-27-1920x1080-Full-HD-100Hz-HDMI-Negro.html,,,,NVIDIA G-SYNC:,,,,Monitores,,,"27""",,,,,,,,,,,,,,,,,,1,,Altavoces incorporados:,,,,,,,,,,,,LCD,,,,,,,,,,,
"Monitor Samsung Essential S3 S30GD IPS 24"", 1920x1080 Full HD, 100Hz, HDMI, Negro",SAMSUNG,2089.0,https://www.cyberpuerta.mx/img/product/S/CP-SAMSUNG-LS24D300GANXZA-30a1ee.jpg,https://www.cyberpuerta.mx/Computo-Hardware/Monitores/Monitores/Monitor-Samsung-Essential-S3-S30GD-IPS-24-1920x1080-Full-HD-100Hz-HDMI-Negro.html,,,,NVIDIA G-SYNC:,,,,Monitores,,,"24""",,,,,,,,,,,,,,,,,,1,,Altavoces incorporados:,,,,,,,,,,,,IPS,,,,,,,,,,,
"Monitor Lenovo 64BDGAR4LA LED 27"", 2560x1440, 100Hz, HDMI, Bocinas Integradas, Negro",LENOVO,4009.0,https://www.cyberpuerta.mx/img/product/S/CP-LENOVO-64BDGAR4LA-fbcf15.png,https://www.cyberpuerta.mx/Computo-Hardware/Monitores/Monitores/Monitor-Lenovo-64BDGAR4LA-LED-27-2560x1440-100Hz-HDMI-Bocinas-Integradas-Negro.html,,,,NVIDIA G-SYNC:,,,,Monitores,,,"27""",,,,,,,,,,,,,,,,,,2,,Altavoces incorporados:,,,,,,,,,,,,LED,,,,,,,,,,,
"Monitor Lenovo ThinkVision S22-4e LED 21.5"", 1920x1080 Full HD, 100Hz, HDMI, Negro",LENOVO,1949.0,https://www.cyberpuerta.mx/img/product/S/CP-LENOVO-64CBKAR6LA-1.jpg,https://www.cyberpuerta.mx/Computo-Hardware/Monitores/Monitores/Monitor-Lenovo-ThinkVision-S22-4e-LED-21-5-1920x1080-Full-HD-100Hz-HDMI-Negro.html,,,,NVIDIA G-SYNC:,,,,Monitores,,,"21.5""",,,,,,,,,,,,,,,,,,1,,Altavoces incorporados:,,,,,,,,,,,,LED,,,,,,,,,,,
"Monitor Lenovo ThinkVision S27-4e LED 27"", 1920x1080 Full HD, 100Hz, HDMI, Negro",LENOVO,3069.0,https://www.cyberpuerta.mx/img/product/S/CP-LENOVO-64BEKAR1LA-1665b8.png,https://www.cyberpuerta.mx/Computo-Hardware/Monitores/Monitores/Monitor-Lenovo-ThinkVision-S27-4e-LED-27-1920x1080-Full-HD-100Hz-HDMI-Negro.html,,,,NVIDIA G-SYNC:,,,,Monitores,,,"27""",,,,,,,,,,,,,,,,,,1,,Altavoces incorporados:,,,,,,,,,,,,LED,,,,,,,,,,,
"Monitor Lenovo ThinkVision S24-4e LED 23.8"", 1920x1080 Full HD, 100Hz, HDMI, Negro",LENOVO,2389.0,https://www.cyberpuerta.mx/img/product/S/CP-LENOVO-64B5KAR1LA-849f4b.jpg,https://www.cyberpuerta.mx/Computo-Hardware/Monitores/Monitores/Monitor-Lenovo-ThinkVision-S24-4e-LED-23-8-1920x1080-Full-HD-100Hz-HDMI-Negro.html,,,,NVIDIA G-SYNC:,,,,Monitores,,,"23.8""",,,,,,,,,,,,,,,,,,1,,Altavoces incorporados:,,,,,,,,,,,,LED,,,,,,,,,,,
"Teclado Logitech Mx Keys Mini, Inalámbrico, RF Wireless/Bluetooth, Grafito (Español)",LOGITECH,1469.0,https://www.cyberpuerta.mx/img/product/S/CP-LOGITECH-920-010476-9711d1.jpg,https://www.cyberpuerta.mx/Computo-Hardware/Dispositivos-de-Entrada/Teclados/Teclado-Logitech-Mx-Keys-Mini-Inalambrico-RF-Wireless-Bluetooth-Grafito-Espanol.html,,,,,,,,Teclados,,,,,,,,,Mini,,,,,,RF inalámbrico + bluetooth,,,,,,,,,,,,,,,,,,Inalámbrico,,,,,,,,,,,,,
"Teclado Lenovo Professional, Inalámbrico, USB, Negro (Español)",LENOVO,1009.0,https://www.cyberpuerta.mx/img/product/S/CP-LENOVO-4X30H56876-e2aeda.jpg,https://www.cyberpuerta.mx/Computo-Hardware/Dispositivos-de-Entrada/Teclados/Teclado-Lenovo-Professional-Inalambrico-USB-Negro-Espanol.html,,,,,,,,Teclados,,,,,,,,,Tamaño completo (100%),,,,,,RF Inalámbrico,,,,,,,,,,,,,,,,,,Inalámbrico,,,,,,,,,,,,,
"Teclado Gamer RK Royal Kludge RK84 LED RGB 75%, Teclado Mecánico, Cherry MX Red, Inalámbrico, USB/Bluetooth, Blanco, Español",TECLADO,959.0,https://www.cyberpuerta.mx/img/product/S/CP-RKROYALKLUDGE-RK84WH-1.png,https://www.cyberpuerta.mx/Computo-Hardware/Dispositivos-de-Entrada/Teclados/Teclado-Gamer-RK-Royal-Kludge-RK84-LED-RGB-75-Teclado-Mecanico-Cherry-MX-Red-Inalambrico-USB-Bluetooth-Blanco-Espanol.html,,,,,,,,Teclados,,,,,,,,,75%,,,,,,USB/Bluetooth,,,,,,,,,,,,,,,,,,Inalámbrico,,,,,,,,,,,,,
"Teclado Gamer Corsair K70 Core LED RGB TKL, Teclado Mecánico, MLX Red, Alámbrico, USB, Negro, Inglés",CORSAIR,1839.0,https://www.cyberpuerta.mx/img/product/S/CP-CORSAIR-CH-911911E-NA-ROW-049c44.jpg,https://www.cyberpuerta.mx/Computo-Hardware/Dispositivos-de-Entrada/Teclados/Teclado-Gamer-Corsair-K70-Core-LED-RGB-TKL-Teclado-Mecanico-MLX-Red-Alambrico-USB-Negro-Ingles.html,,,,,,,,Teclados,,,,,,,,,Tenkeyless (80 - 87%),,,,,,USB,,,,,,,,,,,,,,,,,,Alámbrico,,,,,,,,,,,,,
"Teclado Gamer RK Royal Kludge RK84 LED RGB 75%, Teclado Mecánico, MX Red, Inalámbrico, USB/Bluetooth, Negro, Español",TECLADO,989.0,https://www.cyberpuerta.mx/img/product/S/CP-RKROYALKLUDGE-RK84BK-5a236d.png,https://www.cyberpuerta.mx/Computo-Hardware/Dispositivos-de-Entrada/Teclados/Teclado-Gamer-RK-Royal-Kludge-RK84-LED-RGB-75-Teclado-Mecanico-MX-Red-Inalambrico-USB-Bluetooth-Negro-Espanol.html,,,,,,,,Teclados,,,,,,,,,75%,,,,,,USB/Bluetooth,,,,,,,,,,,,,,,,,,Inalámbrico,,,,,,,,,,,,,
"Teclado Logitech MX Mechanical, Inalámbrico, Bluetooth, Grafito (Español)",LOGITECH,2819.0,https://www.cyberpuerta.mx/img/product/S/CP-LOGITECH-920-010845-70b0e7.jpg,https://www.cyberpuerta.mx/Computo-Hardware/Dispositivos-de-Entrada/Teclados/Teclado-Logitech-MX-Mechanical-Inalambrico-Bluetooth-Grafito-Espanol.html,,,,,,,,Teclados,,,,,,,,,Tamaño completo (100%),,,,,,RF inalámbrico + bluetooth,,,,,,,,,,,,,,,,,,Inalámbrico,,,,,,,,,,,,,
"Teclado Logitech MX Mechanical Mini TKL, Inalámbrico, Bluetooth, Grafito (Español)",LOGITECH,2249.0,https://www.cyberpuerta.mx/img/product/S/CP-LOGITECH-920-010846-2a4600.jpg,https://www.cyberpuerta.mx/Computo-Hardware/Dispositivos-de-Entrada/Teclados/Teclado-Logitech-MX-Mechanical-Mini-TKL-Inalambrico-Bluetooth-Grafito-Espanol.html,,,,,,,,Teclados,,,,,,,,,Tenkeyless (80 - 87%),,,,,,RF inalámbrico + bluetooth,,,,,,,,,,,,,,,,,,,,,,,,,,,,,,,
"Teclado Logitech Ergo K860, Inalámbrico, RF Wireless/Bluetooth, Negro (Español)",LOGITECH,2169.0,https://www.cyberpuerta.mx/img/product/S/CP-LOGITECH-920-009845-1.jpg,https://www.cyberpuerta.mx/Computo-Hardware/Dispositivos-de-Entrada/Teclados/Teclado-Logitech-Ergo-K860-Inalambrico-RF-Wireless-Bluetooth-Negro-Espanol.html,,,,,,,,Teclados,,,,,,,,,Estándar,,,,,,RF inalámbrico + bluetooth,,,,,,,,,,,,,,,,,,Inalámbrico,,,,,,,,,,,,,
"Mouse Ergonómico Logitech MX Master 4, Inalámbrico, BlueEye, 8.000DPI, Bluetooth, Negro",LOGITECH,2299.0,https://www.cyberpuerta.mx/img/product/S/CP-LOGITECH-910-007565-f7ca7e.png,https://www.cyberpuerta.mx/Computo-Hardware/Dispositivos-de-Entrada/Mouse/Mouse-Ergonomico-Logitech-MX-Master-4-Inalambrico-BlueEye-8-000DPI-Bluetooth-Negro.html,,,,,,,,Mouse,,,,,,Diestro,,,,,,,,,Bluetooth,,,,,,,,,,1,8.000DPI,,,,,,,Inalámbrico,BlueEye,,,,,,,,,,,,
"Mouse Gamer Corsair Óptico Harpoon RGB, Inalámbrico, Bluetooth+USB, 10.000DPI, Negro",CORSAIR,1049.0,https://www.cyberpuerta.mx/img/product/S/CP-CORSAIR-CH-9311011-NA-1.jpg,https://www.cyberpuerta.mx/Computo-Hardware/Dispositivos-de-Entrada/Mouse/Mouse-Gamer-Corsair-Optico-Harpoon-RGB-Inalambrico-Bluetooth-USB-10-000DPI-Negro.html,,,,,,,,Mouse,,,,,,Ambidiestro,,,,,,,,,Bluetooth+USB,,,,,,,,,,,10000 DPI,,,,,,,Inalámbrico,Óptico,,,,,,,,,,,,
"Mouse Dell Óptico WM126, Inalámbrico, USB, 1000DPI, Negro",DELL,299.0,https://www.cyberpuerta.mx/img/product/S/CP-DELL-570-AALK-1.jpg,https://www.cyberpuerta.mx/Computo-Hardware/Dispositivos-de-Entrada/Mouse/Mouse-Dell-Optico-WM126-Inalambrico-USB-1000DPI-Negro-2.html,,,,,,,,Mouse,,,,,,Ambidextro,,,,,,,,,RF Inalámbrico,,,,,,,,,,,1000 DPI,,,,,,,Inalámbrico,Óptico,,,,,,,,,,,,
"Mouse Gamer STF M01027, Alámbrico, Óptico, 800DPI, USB-A, Morado",MOUSE,259.0,https://www.cyberpuerta.mx/img/product/S/CP-STF-STG-M01027-80e92e.png,https://www.cyberpuerta.mx/Computo-Hardware/Dispositivos-de-Entrada/Mouse/Mouse-Gamer-STF-M01027-Alambrico-Optico-800DPI-USB-A-Morado.html,,,,,,,,Mouse,,,,,,Diestro,,,,,,,,,USB-A,,,,,,,,,,,800DPI,,,,,,,Alámbrico,Óptico,,,,,,,,,,,,
"Mouse HP 715, Inalámbrico, Óptico, 3.000DPI, RF Inalámbrico/Bluetooth, Negro",HP,1879.0,https://www.cyberpuerta.mx/img/product/S/CP-HP-6E6F0AA-3bdb34.jpg,https://www.cyberpuerta.mx/Computo-Hardware/Dispositivos-de-Entrada/Mouse/Mouse-HP-715-Inalambrico-Optico-3-000DPI-RF-Inalambrico-Bluetooth-Negro.html,,,,,,,,Mouse,,,,,,Diestro,,,,,,,,,RF Inalámbrico/Bluetooth,,,,,,,,,,,3.000DPI,,,,,,,Inalámbrico,Óptico,,,,,,,,,,,,
"Mouse Ergonómico Steren COM-5716RO, Inalámbrico, Óptico, 16.000DPI, USB-A, Rojo",MOUSE,182.0,https://www.cyberpuerta.mx/img/product/S/CP-STEREN-COM-5716RO-634ee7.png,https://www.cyberpuerta.mx/Computo-Hardware/Dispositivos-de-Entrada/Mouse/Mouse-Ergonomico-Steren-COM-5716RO-Inalambrico-Optico-16-000DPI-USB-A-Rojo.html,,,,,,,,Mouse,,,,,,Ambidiestro,,,,,,,,,USB-A,,,,,,,,,,,16.000DPI,,,,,,,Inalámbrico,Óptico,,,,,,,,,,,,
"Mouse Gamer Logitech Óptico G305, Inalámbrico, USB, 12.000DPI, Azul",LOGITECH,979.0,https://www.cyberpuerta.mx/img/product/S/CP-LOGITECH-910-006013-1.jpg,https://www.cyberpuerta.mx/Computo-Hardware/Dispositivos-de-Entrada/Mouse/Mouse-Gamer-Logitech-Optico-G305-Inalambrico-USB-12-000DPI-Azul.html,,,,,,,,Mouse,,,,,,Diestro,,,,,,,,,RF Inalámbrico,,,,,,,,,,285,12000 DPI,,,,,,,Inalámbrico,Óptico,,,,,,,,,,,,
"Mouse Gamer Logitech Óptico G203 LightSync, Alámbrico, USB, 8000DPI, Azul",LOGITECH,429.0,https://www.cyberpuerta.mx/img/product/S/CP-LOGITECH-910-005795-1.jpg,https://www.cyberpuerta.mx/Computo-Hardware/Dispositivos-de-Entrada/Mouse/Mouse-Gamer-Logitech-Optico-G203-LightSync-Alambrico-USB-8000DPI-Azul.html,,,,,,,,Mouse,,,,,,,,,,,,,,,USB tipo A,,,,,,,,,,1233,8000 DPI,,,,,,,Alámbrico,Óptico,,,,,,,,,,,,
